symbol,membership_status
ASIANPAINT.NS,Unverified mdq sample; not supplied official Nifty 50 list
AXISBANK.NS,Unverified mdq sample; not supplied official Nifty 50 list
BAJFINANCE.NS,Unverified mdq sample; not supplied official Nifty 50 list
BHARTIARTL.NS,Unverified mdq sample; not supplied official Nifty 50 list
HDFCBANK.NS,Unverified mdq sample; not supplied official Nifty 50 list
HINDUNILVR.NS,Unverified mdq sample; not supplied official Nifty 50 list
ICICIBANK.NS,Unverified mdq sample; not supplied official Nifty 50 list
INFY.NS,Unverified mdq sample; not supplied official Nifty 50 list
ITC.NS,Unverified mdq sample; not supplied official Nifty 50 list
KOTAKBANK.NS,Unverified mdq sample; not supplied official Nifty 50 list
LT.NS,Unverified mdq sample; not supplied official Nifty 50 list
MARUTI.NS,Unverified mdq sample; not supplied official Nifty 50 list
RELIANCE.NS,Unverified mdq sample; not supplied official Nifty 50 list
SBIN.NS,Unverified mdq sample; not supplied official Nifty 50 list
SUNPHARMA.NS,Unverified mdq sample; not supplied official Nifty 50 list
TATASTEEL.NS,Unverified mdq sample; not supplied official Nifty 50 list
TCS.NS,Unverified mdq sample; not supplied official Nifty 50 list
TITAN.NS,Unverified mdq sample; not supplied official Nifty 50 list
ULTRACEMCO.NS,Unverified mdq sample; not supplied official Nifty 50 list
WIPRO.NS,Unverified mdq sample; not supplied official Nifty 50 list
