symbol,sector,source
ASIANPAINT.NS,Materials,"Project illustrative business grouping, not official NSE/GICS classification"
AXISBANK.NS,Financials,"Project illustrative business grouping, not official NSE/GICS classification"
BAJFINANCE.NS,Financials,"Project illustrative business grouping, not official NSE/GICS classification"
BHARTIARTL.NS,Communication,"Project illustrative business grouping, not official NSE/GICS classification"
HDFCBANK.NS,Financials,"Project illustrative business grouping, not official NSE/GICS classification"
HINDUNILVR.NS,Consumer Staples,"Project illustrative business grouping, not official NSE/GICS classification"
ICICIBANK.NS,Financials,"Project illustrative business grouping, not official NSE/GICS classification"
INFY.NS,Information Technology,"Project illustrative business grouping, not official NSE/GICS classification"
ITC.NS,Consumer Staples,"Project illustrative business grouping, not official NSE/GICS classification"
KOTAKBANK.NS,Financials,"Project illustrative business grouping, not official NSE/GICS classification"
LT.NS,Industrials,"Project illustrative business grouping, not official NSE/GICS classification"
MARUTI.NS,Consumer Discretionary,"Project illustrative business grouping, not official NSE/GICS classification"
RELIANCE.NS,Energy,"Project illustrative business grouping, not official NSE/GICS classification"
SBIN.NS,Financials,"Project illustrative business grouping, not official NSE/GICS classification"
SUNPHARMA.NS,Health Care,"Project illustrative business grouping, not official NSE/GICS classification"
TATASTEEL.NS,Materials,"Project illustrative business grouping, not official NSE/GICS classification"
TCS.NS,Information Technology,"Project illustrative business grouping, not official NSE/GICS classification"
TITAN.NS,Consumer Discretionary,"Project illustrative business grouping, not official NSE/GICS classification"
ULTRACEMCO.NS,Materials,"Project illustrative business grouping, not official NSE/GICS classification"
WIPRO.NS,Information Technology,"Project illustrative business grouping, not official NSE/GICS classification"
